{"val_loss": [0.2158023543249477, 0.16349507109685377, 0.18083868238058956, 0.13405980069528928, 0.13256166845560075, 0.12069846326654608, 0.13257771169597451, 0.12730032495476984, 0.1108388058163903, 0.11483183439482342, 0.11312313696200198, 0.1251767285168171, 0.1139972353794358, 0.12604942680759865, 0.12722353670407424], "val_acc": [0.9349090766906738, 0.9479999975724653, 0.9381818036599593, 0.9512727286598899, 0.9505454548922452, 0.9592727331681685, 0.9534545464949175, 0.9534545482288708, 0.9574545444141734, 0.9556363591280851, 0.9570909135991876, 0.9585454594005238, 0.9570909101312811, 0.9519999954917214, 0.9552727231112393], "loss": [0.26425564924978046, 0.19351440139478768, 0.1623849006882057, 0.14188816875295956, 0.1274151878292579, 0.12126197219661085, 0.11018228290511588, 0.10190123361762814, 0.0956931698751327, 0.09055726446575248, 0.08950902697819364, 0.0786175231777304, 0.07382762637037238, 0.06687350379623913, 0.06579148478250577], "acc": [0.9039202956123646, 0.9373393248776237, 0.9466580914041377, 0.9498714579408151, 0.9551413819232146, 0.9586760887449995, 0.9609254534262924, 0.9643316235211331, 0.9646529572175524, 0.9676092558164523, 0.9673521887980268, 0.9710154329596571, 0.9732005161001014, 0.976670961453553, 0.975064274277969]}